"Fecha","Pbol_prom"
2018-01-01,121.032085666667
2018-01-02,136.319519
2018-01-03,135.042331333333
2018-01-04,144.265843333333
2018-01-05,136.401500333333
2018-01-06,136.328595666667
2018-01-07,133.051679666667
2018-01-08,132.062796666667
2018-01-09,134.231487333333
2018-01-10,134.319067666667
2018-01-11,134.682368
2018-01-12,133.437893666667
2018-01-13,131.555605
2018-01-14,129.279533666667
2018-01-15,114.529807333333
2018-01-16,125.979384333333
2018-01-17,120.936774
2018-01-18,121.461576666667
2018-01-19,122.102657666667
2018-01-20,116.550858333333
2018-01-21,94.12136
2018-01-22,118.132851666667
2018-01-23,115.387584
2018-01-24,113.096398666667
2018-01-25,114.192152
2018-01-26,112.672222333333
2018-01-27,120.257951
2018-01-28,115.496753333333
2018-01-29,120.735426666667
2018-01-30,119.196223666667
2018-01-31,121.919698666667
2018-02-01,138.677251333333
2018-02-02,134.016788
2018-02-03,148.984993333333
2018-02-04,146.007583
2018-02-05,147.301681666667
2018-02-06,130.642003
2018-02-07,149.770009666667
2018-02-08,132.594738666667
2018-02-09,133.969440666667
2018-02-10,131.1576
2018-02-11,133.679043666667
2018-02-12,135.827019333333
2018-02-13,133.931042
2018-02-14,134.09823
2018-02-15,137.254029333333
2018-02-16,138.306255333333
2018-02-17,131.916962333333
2018-02-18,127.247469666667
2018-02-19,136.674618
2018-02-20,141.090882
2018-02-21,158.380548666667
2018-02-22,146.997042666667
2018-02-23,143.687373333333
2018-02-24,139.341144
2018-02-25,142.332819
2018-02-26,150.607550333333
2018-02-27,150.347299
2018-02-28,146.201690333333
2018-03-01,138.680591333333
2018-03-02,152.410879
2018-03-03,153.660609666667
2018-03-04,174.575577666667
2018-03-05,182.808033
2018-03-06,177.889282
2018-03-07,180.072437666667
2018-03-08,177.407812
2018-03-09,178.690196666667
2018-03-10,184.529262
2018-03-11,189.541147666667
2018-03-12,204.132125
2018-03-13,207.845700666667
2018-03-14,212.690964333333
2018-03-15,205.125651333333
2018-03-16,199.639881666667
2018-03-17,186.042369
2018-03-18,177.193156666667
2018-03-19,166.430868
2018-03-20,172.284947333333
2018-03-21,165.050668333333
2018-03-22,154.148609666667
2018-03-23,144.724520666667
2018-03-24,141.833828333333
2018-03-25,152.875568333333
2018-03-26,167.222484666667
2018-03-27,174.134811666667
2018-03-28,178.619740333333
2018-03-29,167.046178333333
2018-03-30,115.505895
2018-03-31,153.336943666667
2018-04-01,117.942572333333
2018-04-02,153.958191
2018-04-03,149.737151333333
2018-04-04,138.790351
2018-04-05,130.030080666667
2018-04-06,111.579035
2018-04-07,119.663107333333
2018-04-08,101.725565
2018-04-09,108.211838666667
2018-04-10,113.085307666667
2018-04-11,137.976052
2018-04-12,113.737529
2018-04-13,120.854909666667
2018-04-14,116.61492
2018-04-15,102.413850666667
2018-04-16,121.555643666667
2018-04-17,123.044721666667
2018-04-18,131.370105333333
2018-04-19,127.012295
2018-04-20,116.163385
2018-04-21,78.2339736666667
2018-04-22,84.2801083333333
2018-04-23,121.916229333333
2018-04-24,134.714238666667
2018-04-25,127.778505
2018-04-26,110.447857666667
2018-04-27,102.920956
2018-04-28,88.8437363333333
2018-04-29,70.7217463333333
2018-04-30,94.7301026666667
2018-05-01,77.5836036666667
2018-05-02,82.8010343333333
2018-05-03,78.2239763333333
2018-05-04,70.8373086666667
2018-05-05,80.0892816666667
2018-05-06,76.8603683333333
2018-05-07,86.9758263333333
2018-05-08,109.939138333333
2018-05-09,76.2029426666667
2018-05-10,74.602801
2018-05-11,71.1850033333333
2018-05-12,66.627715
2018-05-13,66.8615243333333
2018-05-14,66.934104
2018-05-15,64.7421656666667
2018-05-16,65.776432
2018-05-17,70.7779223333333
2018-05-18,69.2970686666667
2018-05-19,68.7141696666667
2018-05-20,65.2642696666667
2018-05-21,68.7846713333333
2018-05-22,69.736372
2018-05-23,72.761375
2018-05-24,74.158421
2018-05-25,74.8736916666667
2018-05-26,89.9324606666667
2018-05-27,77.2166216666667
2018-05-28,70.1849916666667
2018-05-29,69.1241716666667
2018-05-30,69.388861
2018-05-31,102.199959
2018-06-01,72.765119
2018-06-02,71.432599
2018-06-03,69.3072523333333
2018-06-04,70.4926593333333
2018-06-05,71.9366283333333
2018-06-06,65.882769
2018-06-07,69.7595806666667
2018-06-08,75.1728706666667
2018-06-09,76.467779
2018-06-10,75.6406046666667
2018-06-11,69.207014
2018-06-12,69.9440733333333
2018-06-13,69.5971453333333
2018-06-14,69.7679536666667
2018-06-15,77.488836
2018-06-16,72.0452486666667
2018-06-17,68.593454
2018-06-18,69.838623
2018-06-19,70.3430253333333
2018-06-20,70.4038626666667
2018-06-21,70.4978656666667
2018-06-22,72.0420983333333
2018-06-23,72.508205
2018-06-24,72.134313
2018-06-25,102.772160333333
2018-06-26,89.663998
2018-06-27,78.594329
2018-06-28,89.523703
2018-06-29,71.351915
2018-06-30,72.8320393333333
2018-07-01,72.431231
2018-07-02,68.6485183333333
2018-07-03,67.5521266666667
2018-07-04,76.660183
2018-07-05,69.0017336666667
2018-07-06,71.2446313333333
2018-07-07,70.819911
2018-07-08,72.1450033333333
2018-07-09,101.452898
2018-07-10,101.667473
2018-07-11,88.7953596666667
2018-07-12,71.994283
2018-07-13,95.5913373333333
2018-07-14,68.009046
2018-07-15,72.359026
2018-07-16,71.5096426666667
2018-07-17,76.4048063333333
2018-07-18,88.809794
2018-07-19,108.646424
2018-07-20,74.3822826666667
2018-07-21,76.889811
2018-07-22,70.660289
2018-07-23,104.976341333333
2018-07-24,73.720202
2018-07-25,101.453253333333
2018-07-26,72.7627826666667
2018-07-27,86.6859846666667
2018-07-28,72.5432583333333
2018-07-29,77.538233
2018-07-30,79.9895673333333
2018-07-31,71.2128493333333
2018-08-01,91.355621
2018-08-02,109.869907333333
2018-08-03,84.6401366666667
2018-08-04,78.0510946666667
2018-08-05,73.2835566666667
2018-08-06,72.6811576666667
2018-08-07,72.1940353333333
2018-08-08,96.1614276666667
2018-08-09,110.932156
2018-08-10,96.2944716666667
2018-08-11,109.969388666667
2018-08-12,81.155136
2018-08-13,127.640199666667
2018-08-14,118.278351666667
2018-08-15,92.299067
2018-08-16,98.5204693333333
2018-08-17,103.332515333333
2018-08-18,75.3908933333333
2018-08-19,77.0148706666667
2018-08-20,80.0540906666667
2018-08-21,88.1897723333333
2018-08-22,105.823192333333
2018-08-23,133.355634333333
2018-08-24,114.179728666667
2018-08-25,98.5708876666667
2018-08-26,76.4753363333333
2018-08-27,76.7390196666667
2018-08-28,77.094403
2018-08-29,83.6589846666667
2018-08-30,104.196067
2018-08-31,138.543786666667
2018-09-01,118.588865666667
2018-09-02,77.2253163333333
2018-09-03,85.6706106666667
2018-09-04,116.310269
2018-09-05,119.239228333333
2018-09-06,97.969682
2018-09-07,73.4386843333333
2018-09-08,71.2792686666667
2018-09-09,73.9511363333333
2018-09-10,77.2229773333333
2018-09-11,80.087611
2018-09-12,94.1351566666667
2018-09-13,89.9450563333333
2018-09-14,83.5805756666667
2018-09-15,75.3902196666667
2018-09-16,76.8049553333333
2018-09-17,111.954900666667
2018-09-18,96.2573346666667
2018-09-19,103.168013333333
2018-09-20,88.647919
2018-09-21,92.0469336666667
2018-09-22,90.1330046666667
2018-09-23,93.540584
2018-09-24,107.916207
2018-09-25,141.695082
2018-09-26,141.019995
2018-09-27,133.961434333333
2018-09-28,144.625476
2018-09-29,154.867064666667
2018-09-30,132.293972333333
2018-10-01,162.124603333333
2018-10-02,173.082718
2018-10-03,156.205978
2018-10-04,132.515806333333
2018-10-05,129.816376
2018-10-06,104.984561333333
2018-10-07,98.666316
2018-10-08,107.637116333333
2018-10-09,96.132279
2018-10-10,75.908281
2018-10-11,83.638896
2018-10-12,82.7108303333333
2018-10-13,74.3859703333333
2018-10-14,72.4359616666667
2018-10-15,94.3067553333333
2018-10-16,121.47391
2018-10-17,133.417668
2018-10-18,139.405066
2018-10-19,120.303462333333
2018-10-20,97.2278353333333
2018-10-21,87.2896966666667
2018-10-22,115.030973333333
2018-10-23,106.028617333333
2018-10-24,147.131400333333
2018-10-25,155.567687333333
2018-10-26,127.475544
2018-10-27,141.314153333333
2018-10-28,143.105826
2018-10-29,180.441112
2018-10-30,159.318841
2018-10-31,158.570738666667
2018-11-01,158.495700333333
2018-11-02,162.017912
2018-11-03,134.553769333333
2018-11-04,115.204271333333
2018-11-05,112.463974
2018-11-06,112.903338666667
2018-11-07,96.469954
2018-11-08,91.1988316666667
2018-11-09,98.3495176666667
2018-11-10,92.9853523333333
2018-11-11,84.831115
2018-11-12,82.225194
2018-11-13,90.9003786666667
2018-11-14,108.475888
2018-11-15,87.4113376666667
2018-11-16,92.551489
2018-11-17,97.0310503333333
2018-11-18,101.098398
2018-11-19,99.8724976666667
2018-11-20,108.446253
2018-11-21,92.967385
2018-11-22,101.277064
2018-11-23,99.0087366666667
2018-11-24,96.1885803333333
2018-11-25,98.0122923333333
2018-11-26,102.722995333333
2018-11-27,94.8296126666667
2018-11-28,108.114654666667
2018-11-29,104.110457
2018-11-30,98.840966
2018-12-01,88.460955
2018-12-02,89.57201
2018-12-03,95.5164383333333
2018-12-04,101.119466333333
2018-12-05,92.6146506666667
2018-12-06,107.974210333333
2018-12-07,115.639361333333
2018-12-08,108.718745333333
2018-12-09,136.642066333333
2018-12-10,151.228851
2018-12-11,179.145492
2018-12-12,177.590098
2018-12-13,190.83868
2018-12-14,194.268645
2018-12-15,198.098928333333
2018-12-16,201.811909666667
2018-12-17,200.113225
2018-12-18,201.595416333333
2018-12-19,209.607072666667
2018-12-20,222.789544666667
2018-12-21,224.103739333333
2018-12-22,231.097425
2018-12-23,236.998212666667
2018-12-24,236.385584666667
2018-12-25,158.876319666667
2018-12-26,244.820336666667
2018-12-27,269.057105
2018-12-28,295.847836
2018-12-29,301.061453666667
2018-12-30,325.259189333333
2018-12-31,344.587804666667
2019-01-01,295.306765666667
2019-01-02,335.852217333333
2019-01-03,371.514628666667
2019-01-04,375.750485
2019-01-05,359.648778333333
2019-01-06,314.062379666667
2019-01-07,334.113422666667
2019-01-08,358.902712666667
2019-01-09,323.299968
2019-01-10,330.523025666667
2019-01-11,342.893712
2019-01-12,292.292098
2019-01-13,256.055246333333
2019-01-14,268.316803
2019-01-15,252.351045
2019-01-16,220.206287333333
2019-01-17,244.189049666667
2019-01-18,218.082691
2019-01-19,191.218612333333
2019-01-20,169.335748333333
2019-01-21,196.051088666667
2019-01-22,217.645451333333
2019-01-23,222.350794
2019-01-24,291.022130333333
2019-01-25,326.926881
2019-01-26,286.312836
2019-01-27,240.353099
2019-01-28,306.236277333333
2019-01-29,296.876496333333
2019-01-30,298.449502
2019-01-31,311.993507333333
2019-02-01,310.631278333333
2019-02-02,275.739134333333
2019-02-03,279.175406666667
2019-02-04,291.462976
2019-02-05,304.822144333333
2019-02-06,312.722829333333
2019-02-07,272.71915
2019-02-08,265.748315666667
2019-02-09,276.449997666667
2019-02-10,262.759988333333
2019-02-11,247.485963333333
2019-02-12,246.601954333333
2019-02-13,248.096454666667
2019-02-14,257.083818
2019-02-15,326.39241
2019-02-16,274.139091
2019-02-17,257.384113666667
2019-02-18,337.063098333333
2019-02-19,371.477447333333
2019-02-20,350.135649
2019-02-21,348.160602666667
2019-02-22,376.925401
2019-02-23,378.223477
2019-02-24,322.590892
2019-02-25,361.728692
2019-02-26,292.07799
2019-02-27,338.385514666667
2019-02-28,310.984792666667
2019-03-01,319.562947
2019-03-02,333.571394
2019-03-03,296.653061666667
2019-03-04,322.159617
2019-03-05,317.929559666667
2019-03-06,320.651192
2019-03-07,307.688696333333
2019-03-08,309.247802666667
2019-03-09,292.158290666667
2019-03-10,272.958431666667
2019-03-11,278.106110666667
2019-03-12,275.982054666667
2019-03-13,255.442654333333
2019-03-14,239.081016333333
2019-03-15,232.388325666667
2019-03-16,259.471961
2019-03-17,215.972006333333
2019-03-18,272.146027333333
2019-03-19,284.955542333333
2019-03-20,264.460004
2019-03-21,262.822175333333
2019-03-22,250.763314666667
2019-03-23,204.555828
2019-03-24,184.479601666667
2019-03-25,212.657838666667
2019-03-26,249.119703666667
2019-03-27,246.015758666667
2019-03-28,226.561323333333
2019-03-29,224.254990333333
2019-03-30,211.811416333333
2019-03-31,204.966792
2019-04-01,236.410546333333
2019-04-02,254.33297
2019-04-03,231.585786
2019-04-04,229.294410666667
2019-04-05,240.018307
2019-04-06,216.335258
2019-04-07,220.030215666667
2019-04-08,212.890701
2019-04-09,208.110834333333
2019-04-10,245.132587333333
2019-04-11,265.640782333333
2019-04-12,237.789858666667
2019-04-13,219.407324666667
2019-04-14,199.906119666667
2019-04-15,218.889330666667
2019-04-16,213.273447333333
2019-04-17,161.7432
2019-04-18,169.429396666667
2019-04-19,158.614614333333
2019-04-20,123.890428333333
2019-04-21,105.446807666667
2019-04-22,173.413984333333
2019-04-23,186.190560333333
2019-04-24,138.421234
2019-04-25,151.360975666667
2019-04-26,111.373167666667
2019-04-27,134.403277
2019-04-28,124.452339666667
2019-04-29,154.699928333333
2019-04-30,151.300746333333
2019-05-01,135.292059666667
2019-05-02,185.720306
2019-05-03,209.771271
2019-05-04,218.80028
2019-05-05,212.371904333333
2019-05-06,265.972736666667
2019-05-07,275.038059666667
2019-05-08,280.277131333333
2019-05-09,293.523355333333
2019-05-10,247.435534666667
2019-05-11,211.372158666667
2019-05-12,183.810976666667
2019-05-13,160.48455
2019-05-14,155.030796
2019-05-15,149.567834
2019-05-16,163.414457
2019-05-17,131.546934333333
2019-05-18,131.729699
2019-05-19,138.064596333333
2019-05-20,148.917137333333
2019-05-21,159.967716666667
2019-05-22,138.476483
2019-05-23,127.775142
2019-05-24,116.777221
2019-05-25,117.783147333333
2019-05-26,111.103835666667
2019-05-27,135.730989
2019-05-28,134.618885666667
2019-05-29,125.185783666667
2019-05-30,135.803622333333
2019-05-31,134.576453333333
2019-06-01,129.006749
2019-06-02,101.392836333333
2019-06-03,105.439674
2019-06-04,124.790628
2019-06-05,153.489418
2019-06-06,142.374341
2019-06-07,123.258533
2019-06-08,111.585912333333
2019-06-09,102.034394
2019-06-10,116.10776
2019-06-11,120.636134333333
2019-06-12,124.085596333333
2019-06-13,88.420442
2019-06-14,85.0095273333333
2019-06-15,85.5719873333333
2019-06-16,81.7194973333333
2019-06-17,96.933632
2019-06-18,126.878675333333
2019-06-19,136.982816
2019-06-20,118.878202
2019-06-21,125.092441666667
2019-06-22,98.244464
2019-06-23,96.2913576666667
2019-06-24,91.3416273333333
2019-06-25,104.645715
2019-06-26,111.494349333333
2019-06-27,125.467094
2019-06-28,127.598389666667
2019-06-29,126.718196
2019-06-30,117.016356
2019-07-01,122.486256333333
2019-07-02,134.428335333333
2019-07-03,150.816138333333
2019-07-04,143.310145333333
2019-07-05,127.89438
2019-07-06,114.341527333333
2019-07-07,106.471224333333
2019-07-08,108.964981
2019-07-09,105.493213333333
2019-07-10,122.732978
2019-07-11,116.810925333333
2019-07-12,129.999232666667
2019-07-13,124.065486333333
2019-07-14,118.133454666667
2019-07-15,129.374305333333
2019-07-16,130.535855666667
2019-07-17,118.737902333333
2019-07-18,131.431953666667
2019-07-19,115.723058
2019-07-20,112.693870333333
2019-07-21,124.162494
2019-07-22,129.943284
2019-07-23,119.512534
2019-07-24,119.483941666667
2019-07-25,124.380877333333
2019-07-26,118.062266666667
2019-07-27,113.004473333333
2019-07-28,106.139469
2019-07-29,115.071352333333
2019-07-30,131.021842333333
2019-07-31,127.043241
2019-08-01,134.975819666667
2019-08-02,135.705401666667
2019-08-03,129.124384333333
2019-08-04,122.361916333333
2019-08-05,129.248531333333
2019-08-06,153.404040333333
2019-08-07,150.425677333333
2019-08-08,113.216914
2019-08-09,150.477993333333
2019-08-10,138.323130333333
2019-08-11,132.830567666667
2019-08-12,153.213771666667
2019-08-13,196.609985666667
2019-08-14,213.585803
2019-08-15,164.557721333333
2019-08-16,144.739979666667
2019-08-17,133.774525
2019-08-18,122.718332
2019-08-19,123.669273333333
2019-08-20,110.850035
2019-08-21,116.741092
2019-08-22,116.276757333333
2019-08-23,130.040472333333
2019-08-24,104.638141
2019-08-25,116.921076
2019-08-26,165.015809333333
2019-08-27,194.085920666667
2019-08-28,185.134979333333
2019-08-29,198.031993
2019-08-30,191.348163
2019-08-31,192.94905
2019-09-01,177.229426666667
2019-09-02,204.059240666667
2019-09-03,199.037234
2019-09-04,217.878368333333
2019-09-05,204.254731
2019-09-06,177.493191333333
2019-09-07,188.439475333333
2019-09-08,181.098879333333
2019-09-09,214.814080333333
2019-09-10,264.319875666667
2019-09-11,237.774682333333
2019-09-12,257.776819
2019-09-13,300.720474666667
2019-09-14,271.010152333333
2019-09-15,293.522216
2019-09-16,338.056807666667
2019-09-17,360.663025666667
2019-09-18,357.887704666667
2019-09-19,353.612881666667
2019-09-20,338.740223
2019-09-21,294.520490333333
2019-09-22,298.525298666667
2019-09-23,349.15316
2019-09-24,374.257206666667
2019-09-25,370.803434
2019-09-26,313.168994
2019-09-27,321.024360333333
2019-09-28,333.107473
2019-09-29,334.869422333333
2019-09-30,414.874895
2019-10-01,406.85833
2019-10-02,416.926352333333
2019-10-03,396.174969333333
2019-10-04,362.495605666667
2019-10-05,388.014132333333
2019-10-06,370.545653
2019-10-07,352.952559333333
2019-10-08,397.699144
2019-10-09,412.544227
2019-10-10,385.883139
2019-10-11,407.510019333333
2019-10-12,373.980034
2019-10-13,350.301849333333
2019-10-14,409.003751333333
2019-10-15,388.550495666667
2019-10-16,401.244699333333
2019-10-17,370.273442333333
2019-10-18,395.504471333333
2019-10-19,323.079109666667
2019-10-20,287.307068666667
2019-10-21,327.687054333333
2019-10-22,271.827474666667
2019-10-23,228.430749333333
2019-10-24,251.102534333333
2019-10-25,221.237296
2019-10-26,183.536845333333
2019-10-27,169.06661
2019-10-28,165.923952
2019-10-29,181.961953333333
2019-10-30,183.105078333333
2019-10-31,179.171146333333
2019-11-01,196.185014666667
2019-11-02,179.537919333333
2019-11-03,191.075983333333
2019-11-04,204.610488
2019-11-05,200.543913
2019-11-06,256.206338333333
2019-11-07,260.813327333333
2019-11-08,276.680956333333
2019-11-09,266.597537666667
2019-11-10,291.496779666667
2019-11-11,295.228204666667
2019-11-12,307.683683666667
2019-11-13,238.661726
2019-11-14,256.707857333333
2019-11-15,188.913125
2019-11-16,161.441979333333
2019-11-17,171.843651
2019-11-18,197.042898666667
2019-11-19,230.56999
2019-11-20,233.051812666667
2019-11-21,227.345484
2019-11-22,251.519036666667
2019-11-23,237.771142
2019-11-24,205.110667666667
2019-11-25,234.402130333333
2019-11-26,209.876795
2019-11-27,241.743476666667
2019-11-28,254.345077333333
2019-11-29,269.818587
2019-11-30,249.978258
2019-12-01,217.336299
2019-12-02,271.575619333333
2019-12-03,271.912095666667
2019-12-04,269.907107
2019-12-05,223.981186
2019-12-06,257.714488
2019-12-07,260.535415666667
2019-12-08,266.723853666667
2019-12-09,305.126659666667
2019-12-10,332.933308333333
2019-12-11,358.685977
2019-12-12,359.169270333333
2019-12-13,382.981142333333
2019-12-14,373.365169333333
2019-12-15,347.505761
2019-12-16,355.179515333333
2019-12-17,307.625516333333
2019-12-18,314.142888333333
2019-12-19,367.008020333333
2019-12-20,320.089981666667
2019-12-21,337.263526
2019-12-22,338.309046666667
2019-12-23,351.480132
2019-12-24,312.589855333333
2019-12-25,275.691711666667
2019-12-26,328.319727666667
2019-12-27,331.918404666667
2019-12-28,279.38793
2019-12-29,246.472593333333
2019-12-30,323.892898
2019-12-31,274.955101
2020-01-01,136.490833333333
2020-01-02,254.399166666667
2020-01-03,232.104583333333
2020-01-04,211.941666666667
2020-01-05,227.640833333333
2020-01-06,208.598333333333
2020-01-07,260.988333333333
2020-01-08,264.264166666667
2020-01-09,293.572083333333
2020-01-10,307.4925
2020-01-11,292.21875
2020-01-12,309.29125
2020-01-13,356.509166666667
2020-01-14,321.333333333333
2020-01-15,347.345416666667
2020-01-16,361.37625
2020-01-17,358.245
2020-01-18,355.72875
2020-01-19,325.158333333333
2020-01-20,418.566666666667
2020-01-21,417.496666666667
2020-01-22,379.685
2020-01-23,368.3025
2020-01-24,390.013333333333
2020-01-25,385.643333333333
2020-01-26,369.02
2020-01-27,376.815
2020-01-28,363.088333333333
2020-01-29,373.976666666667
2020-01-30,371.4075
2020-01-31,375.981666666667
2020-02-01,404.323333333333
2020-02-02,375.589583333333
2020-02-03,409.116666666667
2020-02-04,410.373333333333
2020-02-05,405.315
2020-02-06,395.070833333333
2020-02-07,389.161666666667
2020-02-08,388.271666666667
2020-02-09,367.01
2020-02-10,362.81
2020-02-11,401.278333333333
2020-02-12,384.32
2020-02-13,397.93
2020-02-14,440.023333333333
2020-02-15,474.231666666667
2020-02-16,474.913333333333
2020-02-17,503.106666666667
2020-02-18,502.565
2020-02-19,538.981666666667
2020-02-20,566.886666666667
2020-02-21,604.065
2020-02-22,576.519166666667
2020-02-23,470.449583333333
2020-02-24,490.497083333333
2020-02-25,445.285833333333
2020-02-26,390.4575
2020-02-27,306.0225
2020-02-28,328.56
2020-02-29,281.87125
2020-03-01,324.377083333333
2020-03-02,402.615
2020-03-03,468.85625
2020-03-04,457.763333333333
2020-03-05,446.785833333333
2020-03-06,410.695833333333
2020-03-07,361.400833333333
2020-03-08,358.271666666667
2020-03-09,351.111666666667
2020-03-10,354.571666666667
2020-03-11,348.740833333333
2020-03-12,338.255
2020-03-13,313.744166666667
2020-03-14,299.977083333333
2020-03-15,281.935416666667
2020-03-16,316.546666666667
2020-03-17,340.945833333333
2020-03-18,361.451666666667
2020-03-19,370.781666666667
2020-03-20,371.31
2020-03-21,345.609166666667
2020-03-22,348.439583333333
2020-03-23,349.550833333333
2020-03-24,361.978333333333
2020-03-25,339.404166666667
2020-03-26,321.62
2020-03-27,272.405833333333
2020-03-28,232.995833333333
2020-03-29,241.918333333333
2020-03-30,227.401666666667
2020-03-31,202.778333333333
2020-04-01,204.19875
2020-04-02,184.337916666667
2020-04-03,169.905
2020-04-04,203.681666666667
2020-04-05,254.3325
2020-04-06,267.099166666667
2020-04-07,255.483333333333
2020-04-08,261.98
2020-04-09,232.44
2020-04-10,223.260833333333
2020-04-11,245.366666666667
2020-04-12,258.771666666667
2020-04-13,236.914166666667
2020-04-14,238.17625
2020-04-15,241.536666666667
2020-04-16,250.64
2020-04-17,262.603333333333
2020-04-18,268.694166666667
2020-04-19,218.08875
2020-04-20,260.134166666667
2020-04-21,262.9175
2020-04-22,259.816666666667
2020-04-23,235.324583333333
2020-04-24,236.148333333333
2020-04-25,205.345833333333
2020-04-26,240.950416666667
2020-04-27,328.313333333333
2020-04-28,368.165833333333
2020-04-29,352.2625
2020-04-30,337.900833333333
2020-05-01,283.004166666667
2020-05-02,315.101666666667
2020-05-03,297.535833333333
2020-05-04,307.758333333333
2020-05-05,289.326666666667
2020-05-06,275.960416666667
2020-05-07,300.7475
2020-05-08,324.28375
2020-05-09,256.1075
2020-05-10,306.446666666667
2020-05-11,328.899166666667
2020-05-12,329.434166666667
2020-05-13,330.40125
2020-05-14,404.46
2020-05-15,443.6325
2020-05-16,460.642083333333
2020-05-17,454.92
2020-05-18,457.307916666667
2020-05-19,397.394166666667
2020-05-20,365.283333333333
2020-05-21,363.387916666667
2020-05-22,280.4675
2020-05-23,311.523333333333
2020-05-24,341.17
2020-05-25,475.608333333333
2020-05-26,463.023333333333
2020-05-27,450.719166666667
2020-05-28,446.27375
2020-05-29,414.294166666667
2020-05-30,400.97
2020-05-31,314.414166666667
2020-06-01,363.716666666667
2020-06-02,382.83125
2020-06-03,350.609583333333
2020-06-04,345.770833333333
2020-06-05,367.875
2020-06-06,375.351666666667
2020-06-07,361.854166666667
2020-06-08,406.205
2020-06-09,420.0625
2020-06-10,416.162083333333
2020-06-11,400.840416666667
2020-06-12,389.845416666667
2020-06-13,354.932916666667
2020-06-14,307.01375
2020-06-15,281.079583333333
2020-06-16,279.412083333333
2020-06-17,310.062083333333
2020-06-18,265.115
2020-06-19,254.655
2020-06-20,238.880833333333
2020-06-21,234.199166666667
2020-06-22,220.931666666667
2020-06-23,234.243333333333
2020-06-24,227.285833333333
2020-06-25,250.049583333333
2020-06-26,251.9725
2020-06-27,240.98125
2020-06-28,215.654583333333
2020-06-29,224.324583333333
2020-06-30,225.57
2020-07-01,239.336666666667
2020-07-02,209.183333333333
2020-07-03,200.271666666667
2020-07-04,178.565
2020-07-05,163.8975
2020-07-06,146.6125
2020-07-07,149.822083333333
2020-07-08,149.864166666667
2020-07-09,140.748333333333
2020-07-10,151.279166666667
2020-07-11,132.599166666667
2020-07-12,118.473333333333
2020-07-13,143.68875
2020-07-14,138.722083333333
2020-07-15,148.695
2020-07-16,147.898333333333
2020-07-17,143.455
2020-07-18,133.485833333333
2020-07-19,130.27
2020-07-20,155.295
2020-07-21,162.4375
2020-07-22,167.110833333333
2020-07-23,173.055833333333
2020-07-24,177.44625
2020-07-25,182.21
2020-07-26,178.070833333333
2020-07-27,156.081666666667
2020-07-28,148.8375
2020-07-29,143.970833333333
2020-07-30,134.387916666667
2020-07-31,117.4575
2020-08-01,131.524166666667
2020-08-02,131.289166666667
2020-08-03,146.393333333333
2020-08-04,152.595
2020-08-05,143.435833333333
2020-08-06,159.2075
2020-08-07,171.858333333333
2020-08-08,191.575
2020-08-09,200.205
2020-08-10,197.255833333333
2020-08-11,201.05
2020-08-12,186.964166666667
2020-08-13,182.2025
2020-08-14,170.813333333333
2020-08-15,154.306666666667
2020-08-16,149.491666666667
2020-08-17,170.863333333333
2020-08-18,166.098333333333
2020-08-19,150.768333333333
2020-08-20,151.221666666667
2020-08-21,145.726666666667
2020-08-22,149.347083333333
2020-08-23,149.146666666667
2020-08-24,146.2125
2020-08-25,146.2275
2020-08-26,136.994583333333
2020-08-27,147.979166666667
2020-08-28,153.982916666667
2020-08-29,156.636666666667
2020-08-30,151.108333333333
2020-08-31,135.488333333333
2020-09-01,163.685
2020-09-02,171.795833333333
2020-09-03,171.305
2020-09-04,165.863333333333
2020-09-05,168.485833333333
2020-09-06,162.184166666667
2020-09-07,164.874166666667
2020-09-08,164.374166666667
2020-09-09,144.629166666667
2020-09-10,146.955833333333
2020-09-11,149.326666666667
2020-09-12,154.393333333333
2020-09-13,141.559166666667
2020-09-14,140.39625
2020-09-15,161.144166666667
2020-09-16,159.484166666667
2020-09-17,138.18375
2020-09-18,162.931666666667
2020-09-19,159.465
2020-09-20,136.925416666667
2020-09-21,152.506666666667
2020-09-22,165.945416666667
2020-09-23,145.494583333333
2020-09-24,142.301666666667
2020-09-25,133.878333333333
2020-09-26,150.213333333333
2020-09-27,123.84
2020-09-28,124.489583333333
2020-09-29,122.350833333333
2020-09-30,139.221666666667
2020-10-01,154.665
2020-10-02,148.9975
2020-10-03,140.01125
2020-10-04,113.06375
2020-10-05,147.18375
2020-10-06,139.10875
2020-10-07,158.143333333333
2020-10-08,168.601666666667
2020-10-09,161.927083333333
2020-10-10,181.061666666667
2020-10-11,162.205833333333
2020-10-12,192.1625
2020-10-13,206.75
2020-10-14,191.316666666667
2020-10-15,191.764166666667
2020-10-16,187.048333333333
2020-10-17,207.173333333333
2020-10-18,194.0825
2020-10-19,185.473333333333
2020-10-20,205.099583333333
2020-10-21,258.834166666667
2020-10-22,295.56
2020-10-23,323.098333333333
2020-10-24,275.75375
2020-10-25,204.544583333333
2020-10-26,243.051666666667
2020-10-27,264.442083333333
2020-10-28,238.4125
2020-10-29,218.28125
2020-10-30,202.525833333333
2020-10-31,187.337083333333
2020-11-01,142.206666666667
2020-11-02,189.467083333333
2020-11-03,217.132916666667
2020-11-04,201.194166666667
2020-11-05,201.468333333333
2020-11-06,237.936666666667
2020-11-07,209.445
2020-11-08,208.3575
2020-11-09,214.251666666667
2020-11-10,219.464583333333
2020-11-11,221.105
2020-11-12,181.09375
2020-11-13,188.840416666667
2020-11-14,149.439583333333
2020-11-15,117.165
2020-11-16,114.615
2020-11-17,139.203333333333
2020-11-18,159.579166666667
2020-11-19,148.22125
2020-11-20,152.704583333333
2020-11-21,159.826666666667
2020-11-22,133.440416666667
2020-11-23,209.840833333333
2020-11-24,274.695833333333
2020-11-25,187.301666666667
2020-11-26,204.66
2020-11-27,180.2525
2020-11-28,156.0825
2020-11-29,143.6025
2020-11-30,136.514583333333
2020-12-01,130.913333333333
2020-12-02,120.639166666667
2020-12-03,115.084166666667
2020-12-04,115.676666666667
2020-12-05,112.4575
2020-12-06,121.159166666667
2020-12-07,135.836666666667
2020-12-08,123.525
2020-12-09,132.77125
2020-12-10,131.958333333333
2020-12-11,146.041666666667
2020-12-12,148.265833333333
2020-12-13,162.433333333333
2020-12-14,171.788333333333
2020-12-15,192.353333333333
2020-12-16,198.668333333333
2020-12-17,190.06
2020-12-18,205.1525
2020-12-19,210.4375
2020-12-20,208.576666666667
2020-12-21,223.564166666667
2020-12-22,204.815
2020-12-23,207.365
2020-12-24,210.606666666667
2020-12-25,182.414166666667
2020-12-26,164.626666666667
2020-12-27,132.31625
2020-12-28,170.209166666667
2020-12-29,173.319166666667
2020-12-30,170.857916666667
2020-12-31,146.071666666667
2021-01-01,152.351666666667
2021-01-02,130.054583333333
2021-01-03,137.785
2021-01-04,153.24
2021-01-05,171.2
2021-01-06,181.982916666667
2021-01-07,175.623333333333
2021-01-08,173.282916666667
2021-01-09,155.786666666667
2021-01-10,153.692916666667
2021-01-11,158.79
2021-01-12,136.247916666667
2021-01-13,133.346666666667
2021-01-14,137.195416666667
2021-01-15,150.006666666667
2021-01-16,144.633333333333
2021-01-17,158.288333333333
2021-01-18,174.4525
2021-01-19,179.688333333333
2021-01-20,192.224166666667
2021-01-21,199.4525
2021-01-22,210.537083333333
2021-01-23,231.785
2021-01-24,216.611666666667
2021-01-25,246.653333333333
2021-01-26,240.204166666667
2021-01-27,234.463333333333
2021-01-28,231.950416666667
2021-01-29,220.7125
2021-01-30,221.154583333333
2021-01-31,215.588333333333
2021-02-01,237.634166666667
2021-02-02,279.705833333333
2021-02-03,286.483333333333
2021-02-04,256.17625
2021-02-05,250.335833333333
2021-02-06,261.6575
2021-02-07,258.126666666667
2021-02-08,276.989166666667
2021-02-09,289.186666666667
2021-02-10,294.9725
2021-02-11,292.379166666667
2021-02-12,291.253333333333
2021-02-13,280.265
2021-02-14,253.47
2021-02-15,285.308333333333
2021-02-16,292.719166666667
2021-02-17,301.873333333333
2021-02-18,271.295
2021-02-19,270.666666666667
2021-02-20,266.400416666667
2021-02-21,260.301666666667
2021-02-22,274.794166666667
2021-02-23,265.204166666667
2021-02-24,247.019166666667
2021-02-25,251.156666666667
2021-02-26,280.37
2021-02-27,256.268333333333
2021-02-28,231.539583333333
2021-03-01,217.417083333333
2021-03-02,218.403333333333
2021-03-03,201.770833333333
2021-03-04,179.161666666667
2021-03-05,199.79375
2021-03-06,180.511666666667
2021-03-07,173.453333333333
2021-03-08,197.358333333333
2021-03-09,181.3875
2021-03-10,174.424166666667
2021-03-11,167.423333333333
2021-03-12,174.431666666667
2021-03-13,177.045
2021-03-14,153.200833333333
2021-03-15,183.2275
2021-03-16,185.009583333333
2021-03-17,169.912916666667
2021-03-18,170.8975
2021-03-19,152.108333333333
2021-03-20,131.848333333333
2021-03-21,123.005416666667
2021-03-22,127.406666666667
2021-03-23,135.75875
2021-03-24,128.259166666667
2021-03-25,138.586666666667
2021-03-26,137.7675
2021-03-27,144.75
2021-03-28,147.8375
2021-03-29,155.163333333333
2021-03-30,160.126666666667
2021-03-31,155.611666666667
2021-04-01,149.965
2021-04-02,150.538333333333
2021-04-03,151.451666666667
2021-04-04,156.989583333333
2021-04-05,175.548333333333
2021-04-06,163.285
2021-04-07,154.153333333333
2021-04-08,151.3475
2021-04-09,162.233333333333
2021-04-10,141.120833333333
2021-04-11,135.5
2021-04-12,143.308333333333
2021-04-13,154.6575
2021-04-14,149.631666666667
2021-04-15,146.9425
2021-04-16,159.825
2021-04-17,168.048333333333
2021-04-18,160.736666666667
2021-04-19,174.305
2021-04-20,174.663333333333
2021-04-21,186.688333333333
2021-04-22,177.809166666667
2021-04-23,171.69
2021-04-24,179.296666666667
2021-04-25,182.050833333333
2021-04-26,188.305833333333
2021-04-27,181.75
2021-04-28,175.884166666667
2021-04-29,166.713333333333
2021-04-30,144.489166666667
2021-05-01,137.734166666667
2021-05-02,122.968333333333
2021-05-03,126.759166666667
2021-05-04,110.230416666667
2021-05-05,136.731666666667
2021-05-06,103.593333333333
2021-05-07,106.969166666667
2021-05-08,111.106666666667
2021-05-09,105.177083333333
2021-05-10,101.637916666667
2021-05-11,98.1533333333333
2021-05-12,96.82875
2021-05-13,97.1516666666667
2021-05-14,93.1445833333333
2021-05-15,93.72
2021-05-16,93.0829166666667
2021-05-17,91.5754166666667
2021-05-18,91.6375
2021-05-19,93.4245833333333
2021-05-20,91.4975
2021-05-21,91.3920833333333
2021-05-22,90.48625
2021-05-23,91.715
2021-05-24,90.4191666666667
2021-05-25,92.72
2021-05-26,92.0308333333333
2021-05-27,92.6641666666667
2021-05-28,93.4908333333333
2021-05-29,94.635
2021-05-30,93.565
2021-05-31,90.2829166666667
2021-06-01,89.53375
2021-06-02,89.1858333333333
2021-06-03,95.49875
2021-06-04,90.005
2021-06-05,92.26375
2021-06-06,93.0483333333333
2021-06-07,91.5483333333333
2021-06-08,90.1270833333333
2021-06-09,90.0270833333333
2021-06-10,89.8075
2021-06-11,89.1983333333333
2021-06-12,89.665
2021-06-13,87.81375
2021-06-14,88.3454166666667
2021-06-15,89.6845833333333
2021-06-16,90.9316666666667
2021-06-17,90.4141666666667
2021-06-18,92.3295833333333
2021-06-19,91.1720833333333
2021-06-20,88.95
2021-06-21,89.3470833333333
2021-06-22,89.1441666666667
2021-06-23,89.8825
2021-06-24,90.36
2021-06-25,90.50375
2021-06-26,89.8483333333333
2021-06-27,87.8429166666667
2021-06-28,92.0675
2021-06-29,90.9591666666667
2021-06-30,93.2458333333333
2021-07-01,93.3570833333333
2021-07-02,91.0254166666667
2021-07-03,93.28
2021-07-04,91.01375
2021-07-05,88.17875
2021-07-06,90.46125
2021-07-07,91.0595833333333
2021-07-08,93.1179166666667
2021-07-09,97.8408333333333
2021-07-10,92.4220833333333
2021-07-11,90.6183333333333
2021-07-12,92.26
2021-07-13,90.94
2021-07-14,90.54625
2021-07-15,91.7883333333333
2021-07-16,90.8883333333333
2021-07-17,90.3620833333333
2021-07-18,91.5283333333333
2021-07-19,93.4791666666667
2021-07-20,93.075
2021-07-21,92.9654166666667
2021-07-22,93.53625
2021-07-23,96.0375
2021-07-24,90.615
2021-07-25,89.1891666666667
2021-07-26,89.22625
2021-07-27,92.645
2021-07-28,90.63
2021-07-29,89.10875
2021-07-30,91.68875
2021-07-31,90.4429166666667
2021-08-01,89.6470833333333
2021-08-02,92.7429166666667
2021-08-03,103.970833333333
2021-08-04,106.177083333333
2021-08-05,101.069166666667
2021-08-06,92.6958333333333
2021-08-07,91.8725
2021-08-08,90.6758333333333
2021-08-09,90.4966666666667
2021-08-10,110.15375
2021-08-11,106.3875
2021-08-12,100.28875
2021-08-13,92.0675
2021-08-14,92.115
2021-08-15,92.31125
2021-08-16,88.465
2021-08-17,92.1375
2021-08-18,93.87875
2021-08-19,93.4629166666667
2021-08-20,92.0725
2021-08-21,92.815
2021-08-22,90.875
2021-08-23,89.8716666666667
2021-08-24,90.3529166666667
2021-08-25,90.1254166666667
2021-08-26,88.6125
2021-08-27,89.4025
2021-08-28,89.40875
2021-08-29,88.865
2021-08-30,88.4558333333333
2021-08-31,90.7275
2021-09-01,91.1579166666667
2021-09-02,91.58875
2021-09-03,93.1983333333333
2021-09-04,93.1683333333333
2021-09-05,91.2966666666667
2021-09-06,94.4441666666667
2021-09-07,97.4883333333333
2021-09-08,102.915833333333
2021-09-09,96.7345833333333
2021-09-10,105.105416666667
2021-09-11,94.94625
2021-09-12,89.325
2021-09-13,99.3654166666667
2021-09-14,99.29875
2021-09-15,105.388333333333
2021-09-16,91.7229166666667
2021-09-17,90.61
2021-09-18,94.8675
2021-09-19,94.49375
2021-09-20,117.854166666667
2021-09-21,146.281666666667
2021-09-22,150.2325
2021-09-23,163.0875
2021-09-24,145.871666666667
2021-09-25,109.25875
2021-09-26,89.51125
2021-09-27,136.232083333333
2021-09-28,121.10125
2021-09-29,134.452916666667
2021-09-30,109.538333333333
2021-10-01,109.751666666667
2021-10-02,111.380833333333
2021-10-03,95.5833333333333
2021-10-04,115.359166666667
2021-10-05,109.674166666667
2021-10-06,112.3875
2021-10-07,110.383333333333
2021-10-08,100.43125
2021-10-09,87.8725
2021-10-10,88.1925
2021-10-11,101.509166666667
2021-10-12,108.062083333333
2021-10-13,103.384166666667
2021-10-14,111.071666666667
2021-10-15,101.092916666667
2021-10-16,124.474166666667
2021-10-17,93.485
2021-10-18,87.25875
2021-10-19,109.526666666667
2021-10-20,91.4508333333333
2021-10-21,122.312083333333
2021-10-22,91.5420833333333
2021-10-23,104.577083333333
2021-10-24,88.9641666666667
2021-10-25,115.61125
2021-10-26,106.660833333333
2021-10-27,129.352916666667
2021-10-28,124.789583333333
2021-10-29,87.7783333333333
2021-10-30,86.0604166666667
2021-10-31,86.3891666666667
2021-11-01,88.5775
2021-11-02,101.272083333333
2021-11-03,104.6725
2021-11-04,98.38375
2021-11-05,92.6429166666667
2021-11-06,94.2454166666667
2021-11-07,92.9591666666667
2021-11-08,93.4920833333333
2021-11-09,120.167083333333
2021-11-10,104.160833333333
2021-11-11,107.940833333333
2021-11-12,92.9295833333333
2021-11-13,94.2454166666667
2021-11-14,92.6120833333333
2021-11-15,91.86
2021-11-16,98.5804166666667
2021-11-17,107.590833333333
2021-11-18,104.795
2021-11-19,108.52
2021-11-20,109.155
2021-11-21,103.422916666667
2021-11-22,123.469166666667
2021-11-23,134.361666666667
2021-11-24,136.535
2021-11-25,119.751666666667
2021-11-26,112.35
2021-11-27,94.18125
2021-11-28,94.4320833333333
2021-11-29,99.06375
2021-11-30,108.884583333333
2021-12-01,98.52875
2021-12-02,101.964583333333
2021-12-03,105.827083333333
2021-12-04,112.9375
2021-12-05,120.709166666667
2021-12-06,122.056666666667
2021-12-07,136.3775
2021-12-08,142.608333333333
2021-12-09,168.471666666667
2021-12-10,198.776666666667
2021-12-11,222.830416666667
2021-12-12,245.800833333333
2021-12-13,301.523333333333
2021-12-14,364.595
2021-12-15,406.61625
2021-12-16,479.441666666667
2021-12-17,510.705
2021-12-18,520.185833333333
2021-12-19,554.095
2021-12-20,579.727916666667
2021-12-21,584.545833333333
2021-12-22,559.13625
2021-12-23,569.825416666667
2021-12-24,512.28875
2021-12-25,315.192916666667
2021-12-26,373.42125
2021-12-27,443.075
2021-12-28,451.425833333333
2021-12-29,424.66
2021-12-30,389.4925
2021-12-31,297.405
2022-01-01,195.059166666667
2022-01-02,194.684166666667
2022-01-03,203.0475
2022-01-04,159.518333333333
2022-01-05,171.875833333333
2022-01-06,191.55
2022-01-07,197.323333333333
2022-01-08,203.705833333333
2022-01-09,199.226666666667
2022-01-10,203.0375
2022-01-11,245.7875
2022-01-12,242.541666666667
2022-01-13,238.949166666667
2022-01-14,253.1325
2022-01-15,255.766666666667
2022-01-16,252.764166666667
2022-01-17,253.784166666667
2022-01-18,268.861666666667
2022-01-19,264.193333333333
2022-01-20,286.766666666667
2022-01-21,301.588333333333
2022-01-22,308.125833333333
2022-01-23,307.963333333333
2022-01-24,336.535
2022-01-25,440.298333333333
2022-01-26,396.563333333333
2022-01-27,476.256666666667
2022-01-28,480.158333333333
2022-01-29,487.785
2022-01-30,451.115
2022-01-31,519.511666666667
2022-02-01,574.8525
2022-02-02,629.777083333333
2022-02-03,679.98125
2022-02-04,634.976666666667
2022-02-05,676.171666666667
2022-02-06,643.996666666667
2022-02-07,620.84
2022-02-08,556.795
2022-02-09,481.779166666667
2022-02-10,422.8875
2022-02-11,364.5775
2022-02-12,326.508333333333
2022-02-13,301.078333333333
2022-02-14,347.126666666667
2022-02-15,343.466666666667
2022-02-16,339.29625
2022-02-17,316.8625
2022-02-18,318.650833333333
2022-02-19,303.72
2022-02-20,251.613333333333
2022-02-21,264.855833333333
2022-02-22,276.206666666667
2022-02-23,251.759166666667
2022-02-24,254.498333333333
2022-02-25,242.890833333333
2022-02-26,251.401666666667
2022-02-27,239.184166666667
2022-02-28,260.925833333333
2022-03-01,264.184166666667
2022-03-02,253.460416666667
2022-03-03,242.450833333333
2022-03-04,188.718333333333
2022-03-05,193.740833333333
2022-03-06,187.76625
2022-03-07,221.512916666667
2022-03-08,205.775833333333
2022-03-09,204.338333333333
2022-03-10,182.893333333333
2022-03-11,182.433333333333
2022-03-12,184.460833333333
2022-03-13,193.796666666667
2022-03-14,203.0325
2022-03-15,223.034166666667
2022-03-16,241.22
2022-03-17,263.11
2022-03-18,226.001666666667
2022-03-19,210.6
2022-03-20,207.766666666667
2022-03-21,210.4925
2022-03-22,217.689166666667
2022-03-23,211.144583333333
2022-03-24,236.851666666667
2022-03-25,244.724166666667
2022-03-26,247.833333333333
2022-03-27,249.84375
2022-03-28,272.79125
2022-03-29,278.82
2022-03-30,278.163333333333
2022-03-31,308.417083333333
2022-04-01,281.604166666667
2022-04-02,236.792083333333
2022-04-03,149.056666666667
2022-04-04,175.330416666667
2022-04-05,198.281666666667
2022-04-06,191.285
2022-04-07,262.9975
2022-04-08,155.8275
2022-04-09,137.605416666667
2022-04-10,124.979583333333
2022-04-11,138.575
2022-04-12,129.72625
2022-04-13,132.239583333333
2022-04-14,122.010833333333
2022-04-15,107.01125
2022-04-16,119.4
2022-04-17,109.614166666667
2022-04-18,138.790416666667
2022-04-19,186.721666666667
2022-04-20,145.09
2022-04-21,134.507916666667
2022-04-22,115.08875
2022-04-23,113.62625
2022-04-24,103.062916666667
2022-04-25,101.224583333333
2022-04-26,106.049583333333
2022-04-27,102.322083333333
2022-04-28,99.71875
2022-04-29,98.0466666666667
2022-04-30,97.2125
2022-05-01,96.8625
2022-05-02,98.6566666666667
2022-05-03,107.272083333333
2022-05-04,133.790416666667
2022-05-05,105.67625
2022-05-06,113.89375
2022-05-07,114.41
2022-05-08,109.579166666667
2022-05-09,103.72375
2022-05-10,107.89625
2022-05-11,101.151666666667
2022-05-12,101.004166666667
2022-05-13,102.132916666667
2022-05-14,99.9954166666667
2022-05-15,97.145
2022-05-16,99.4408333333333
2022-05-17,112.82
2022-05-18,142.57125
2022-05-19,122.1125
2022-05-20,114.042916666667
2022-05-21,108.018333333333
2022-05-22,94.7766666666667
2022-05-23,95.9675
2022-05-24,106.273333333333
2022-05-25,100.369583333333
2022-05-26,99.63875
2022-05-27,96.4958333333333
2022-05-28,95.8808333333333
2022-05-29,96.555
2022-05-30,96.5491666666667
2022-05-31,95.455
2022-06-01,116.127916666667
2022-06-02,104.405
2022-06-03,108.02375
2022-06-04,103.7625
2022-06-05,101.275833333333
2022-06-06,100.489583333333
2022-06-07,101.4125
2022-06-08,121.144583333333
2022-06-09,107.050416666667
2022-06-10,107.429166666667
2022-06-11,105.996666666667
2022-06-12,103.560416666667
2022-06-13,101.476666666667
2022-06-14,101.89625
2022-06-15,102.137916666667
2022-06-16,102.21125
2022-06-17,101.502083333333
2022-06-18,100.515
2022-06-19,100.081666666667
2022-06-20,97.7495833333333
2022-06-21,100.357083333333
2022-06-22,105.6425
2022-06-23,105.64875
2022-06-24,102.325
2022-06-25,101.899166666667
2022-06-26,103.3725
2022-06-27,103.3025
2022-06-28,102.221666666667
2022-06-29,104.282916666667
2022-06-30,103.674583333333
